"river name","area","nodes"
"Agneby",8451.05948426,544
"Ankobra",8442.05505778,619
"Bia",10113.7281402,588
"Boubo",4805.19884427,283
"Densu",2703.9821756,133
"Decoris",541.766940186,77
"Farmington",5064.18666495,928
"Kunene",19826.7032756,955
"Osun",9811.96883412,806
"Lagune.Ebrie",3288.30783121,179
"Lagos.Lagoon",1702.29276013,156
"Lake.Saint.Lucia",9406.45928459,439
"Lekki.Lagoon",2386.87945602,125
"Me",4141.46757733,315
"Dodo",754.921827805,100
"Ona",4406.11013895,417
"Oueme",1316.72611449,68
"Mfolozi",10206.0066677,467
"Rio.Molocue",6245.41051812,319
"Ruvu.River",17680.4303718,765
"Rio.Melela",8313.79461101,453
"Bero",11104.7538476,518
"Hoarusib",15104.5671475,751
"Umbuluzi.River",5493.09480364,243
"Shiloango",13121.9750289,629
"Yewa",4756.88094854,279
"Kouffo",3700.41632451,187
"Lokoundje",5541.00447224,733
"Sehnkwehn.River",5787.11939444,960
"Kwa.Ibo",3791.07346615,568
"Dibamba",3485.32931222,446
"Calabar.River",1629.83871044,306
"Great.Kwa.River",1852.40866897,367
"Meme",2011.51076147,313
"Lobe",2295.74931011,383
"Loubi",3554.49069052,185
"Mafa.River",1353.01958193,212
"Kienke",1430.42849046,228
"Nero",1275.62397019,150
"Tabou",899.26959165,96
"Brimay",1186.82480454,96
"Rio.Ecuco",907.995012809,77
"Rio.Ue",324.617420579,30
"Buffalo.River",1298.02890131,64
"Kosi.River",567.631234129,30
"Waanje",4460.54081017,819
"Ebe",2433.60120971,469
"San.Pedro.Ivory.Coast",3369.98594498,307
"Soumba",474.215718327,103
"Tano",16079.3431435,915
"uMngeni",4468.90890157,212
"Zio",7264.04819131,410
"Bunce.River",435.983398614,10
"Bagru",2841.13438569,586
"Bofon",2161.17609155,303
"Casamance",19518.7154563,742
"Geba",12914.3293143,833
"Lagune.Aby",2036.33460198,126
"Buhayrat.Maryut",1766.5963132,65
"Mhlatuze",4096.84302989,182
"Todje",3686.07866129,157
"Ndian",3680.18251343,255
"Ichkeul",2775.68796065,102
"El.Madene",912.86009326,42
"El.Kebir.Annaba",2196.72436596,98
"Sebaou",2505.47977833,130
"El.Kebir.Tabarka",2763.32878152,132
"Miliane",2378.87655136,117
"El.Harrach",1098.33989912,56
"Soummam",9196.83078383,470
"Agrioun",935.093939036,46
"Tensift",20496.2727785,955
"Kasab",1734.38075677,81
"Fumm.Buhayrat.al.Manzalah",1172.13560766,28
"Sous",17401.8778029,794
"Noun",6850.03470269,336
"Sebkhet.Te.n.Dghamcha",100811.031981,948
"Khawr.Arba.at",4720.22326855,213
"Allahein.River",527.830059517,28
"Ribi",987.122993142,234
"Lake.Piso",886.364577718,68
"Ologe.Lagoon",1555.5766834,100
"Keta.Lagoon",1779.97990196,26
"Go",2229.47275964,123
"Dodowa",709.713329854,40
"Kakum",773.317717639,20
"Lagune.Tadjo",579.242356248,22
"Amansuri",872.367602284,28
"Butre",429.696426282,26
"Limbe.River",323.164150356,23
"Kisiwani",667.574279495,20
"Mwena",832.051437079,24
"Sigi.River",1118.44213086,64
"Lokoho",2229.68525184,302
"Giraul",4863.41018301,216
"Rio.Larde",2358.03098087,118
"Rio.Moebase",297.317127689,11
"Ivondro",3626.7189063,619
"Mananjary",7041.8827446,714
"Kuiseb",23502.5609255,754
"Futana",2216.718317,112
"Mkomazi",4434.64333522,183
"Mzimkulu",6726.53884146,288
"Mpambanyoni",547.366537316,24
"Mtata",2613.33781302,131
"Langvlei",777.412648813,32
"Verlorenvlei",1922.68408046,104
"Kei",2850.40483016,119
"Berg",8093.08417921,402
"Nahoon.River",593.809470122,32
"Boesmansrivier",2741.75571293,113
"Breede",12516.1305448,616
"Kowie.River",761.742538414,36
"Kariegarivier",669.16311653,20
"Coegarivier",498.753295692,28
"Swartkopsrivier",1267.17393424,56
"Keurbooms",1120.5977124,64
"Knysnarivier",389.417860463,20
"Eersterivier",628.618934781,30
"Klein.Brakrivier",565.462834348,32
"Duiwenhoks",1206.63914872,54
"Goukou",1383.74772784,51
"Horton",14902.7435323,555
"Kongakut",3886.1607355,168
"Wood",3093.84614747,260
"Alagnak",426.299763646,12
"Aghnashini",1374.55457303,286
"Amba",900.28717,249
"An.Lao",1388.85571731,219
"Ancharakandi",369.894383247,80
"Andella.Oya",537.057988006,48
"Anseongcheon",1449.67960304,131
"Aojiang",1290.60832847,117
"Aruvi.Aru",3331.3552342,206
"Attanagalu.Oya",804.617007091,105
"Bedti",3870.25474254,520
"Beilun.He",842.069529736,117
"Beimenjiang",674.038402167,81
"Ben.Hai",897.926590826,139
"Bentota.Ganga",669.793842732,109
"Benut",598.139622524,95
"Bernam",2588.9785488,361
"Biliu.He",2777.13504484,142
"Bolgoda.lake",236.729896344,42
"Cai",1905.94293202,207
"Chaliyar",2970.55056747,469
"Chandragiri",1325.0617067,316
"Changhuajiang",5026.73114628,499
"Chantaburi",1376.72301815,210
"Chengianjiang",5178.4047075,501
"Chimjin",494.670179623,38
"Chongup",809.193342013,42
"Choshui",3269.14794709,517
"Dafeng",1357.96921038,206
"Dai.Giang",2467.82777333,368
"Dayang.He",6122.79244752,290
"Deduru.Oya",2834.34089181,246
"Endau",4448.02570409,678
"Fangcheng",768.232130686,117
"Fenny",3787.4495839,711
"Gal.Oya",1957.52573307,144
"Giang",3038.88053368,399
"Gin.Ganga",923.62439835,127
"Golok",1482.56617817,228
"Gombak",1245.94635191,175
"Han.Korea",8066.09482923,683
"Heda.Oya",625.561133185,44
"Hengjiang",320.181635463,43
"Houlong",533.939124509,69
"Hsiukuluan",1785.78146816,326
"Hu",477.368952204,42
"Huong",1703.14553254,327
"Huongsan",1146.03068491,82
"Hwalien",1703.79924248,145
"Ibo",803.637571068,80
"Isa",364.745775241,38
"Ithikkara",625.700013937,94
"Jiaodong.He",6288.88047279,321
"Jiuojiang",6356.09602636,719
"Johore",1840.36957199,306
"Kadalundi",1192.533189,195
"Kala.Oya",2861.35455198,194
"Kalagamu.Oya",313.061081227,26
"Kallayi",296.975651272,36
"Kalu.Ganga",2929.73753935,367
"Kanakarayan.Aru",769.372999022,45
"Kantalai.basin",442.415158473,36
"Kaoping",3249.2563215,469
"Karambalan.Oya",623.875613471,46
"Karanda.Oya",385.481297718,24
"Kariyamgode",597.714899492,116
"Kelani.Ganga",2249.06392172,302
"Kerian",1478.59491275,216
"Kersang",677.398173519,69
"Kirindi.Oya",1177.96601395,106
"Klong.Khruv.Wai",465.417178643,81
"Korea.un.2",696.939062757,76
"Korea.un.3",391.976852006,32
"Koya",303.499399644,37
"Kuam.chon",235.148715259,22
"Kongnung.chon",249.262343211,24
"Kokpokchan",542.88775071,52
"Yudong.josuji",232.386318188,20
"Ma.chon",339.329938843,28
"Yonghae.gang",238.164199891,10
"Kobu.chon",238.57059248,28
"Kuantan",1637.58083324,208
"Kuiburi",659.997924089,52
"Kum",9779.06068852,850
"Kumbukkan.Oya",1224.26193706,94
"Kundalika",667.24328397,176
"Kuppam",497.275067602,77
"Kurau",650.589174956,95
"Kuttiadi",735.840429132,147
"Ky.Lo",1856.28675042,196
"Lanyang",1168.20316464,155
"Lianjiang",3338.36242094,397
"Lingshui.He",1120.53787251,134
"Liugu.He",3128.48970189,165
"Ma.Oya",1017.93607479,78
"Maduru.Oya",1499.59678324,139
"Maehwa",514.961433002,36
"Magalavatavan.Aru",392.561524311,28
"Mageonggang",1407.55530208,126
"Maha.Oya",1509.83765647,171
"Mahaweli.Ganga",10512.8013756,909
"Mahi",404.193988485,93
"Maksimouka",2238.31542547,128
"Malala.Oya",395.598340401,43
"Mandad",232.652232846,52
"Maoling",2890.43329566,398
"Matsuura",407.427166761,56
"Meenachil",1268.42803595,195
"Menik.Ganga",1373.30280055,104
"Mi.Oya",1498.02598044,98
"Modaragam.Aru",994.580523638,66
"Moyanjiang",4926.05695326,638
"Muar",6042.35973578,647
"Mundeni.Aru",1332.09110922,116
"Nandu",7104.77555539,813
"Nay.Aru",292.818424575,14
"Neyyar",485.809722748,42
"Nilwala.Ganga",1036.92312379,134
"Niyangolle.Ela",249.073817614,24
"Ong",259.573388912,22
"Ooyodo",2189.00127915,362
"Osip",382.7580255,28
"Pak.Phanang",2333.58041299,295
"Pamba",3939.34343568,545
"Pankulam.Aru",447.747576093,29
"Parangi.Aru",792.787476724,34
"Patalganga.Bhogawati",794.890701709,221
"Pattani",3923.59094942,515
"Per.Aru",458.066898211,21
"Perlis",716.689399054,87
"Pha",3004.58682961,246
"Phetchaburi",5428.83042478,400
"Phong.Nha",1830.21322147,210
"Pinan",1597.21409143,223
"Pontian.Besar",389.349858303,62
"Qinjiang",2352.91995327,266
"Rathambala.Oya",240.148073715,18
"Ratmal.Oya",319.294267505,30
"Ruianjiang",3394.6071412,319
"Sapgyocheon",960.191649842,88
"Savitri",2262.85302157,472
"Semberong",2080.66324561,233
"Shiriya",618.241643757,158
"Suifen",16785.8555716,790
"Sumjin",4831.43907978,405
"Sungai.Merbok",382.862503965,62
"Taan",778.540454619,94
"Tachia",1237.08626217,160
"Tadu",2036.96137983,307
"Taehwagang",665.417017858,58
"Taiyang.He",586.974702938,65
"Tamiraparani",5600.47219049,294
"Tamshui",2697.15305336,429
"Tanjiang",5086.88267447,681
"Tengqiao.Dong.He",700.798323201,85
"Terengganu",4537.05171244,815
"Touchien",563.687961544,75
"Tra.Khuc",3452.48226247,494
"Trang",3559.5452191,413
"Trat",1676.00202308,340
"Tsengwen",1375.51265961,224
"Tuhai.Majia.He",14365.333636,646
"Uppala",258.930868422,72
"Urubokka.Oya",385.825368408,38
"Valapattanam",1794.61761685,269
"Vamanapuram",708.601501702,80
"Ve",888.0239079,155
"Vinh.Tanh",2947.14522503,393
"Walawe.Ganga",2502.18754635,274
"Wanglou.He",654.572827093,64
"Wanquan",3971.11571099,500
"Wen.He",6603.68313663,295
"Wila.Oya",484.061663651,36
"Ichi",514.655865361,52
"Xiaoling.He",5042.66835165,255
"Yan.Oya",1572.14489441,125
"Yangsan",2882.57522718,246
"Yingna.He",862.401755964,44
"Yongjiang",3060.9882392,254
"Zhubijiang",970.031860177,111
"Bharathapuzha",6160.76884212,810
"Biwa",8319.03181481,839
"Chalakkudy",1801.46430041,291
"Ibi",2043.53255074,272
"Imari",236.658163327,14
"Kallada",1634.79856409,178
"Karamana",522.29233265,56
"Korea.un.1",1076.40105018,97
"Kuma",1954.02177983,320
"Longshou.He",587.739640441,64
"Periyar",4548.76417827,537
"Phattalung",3143.65633835,116
"Quang.Tri",2678.6888182,240
"Sedili",1453.61586499,220
"Shinano",1293.21575509,199
"Yoshii.Okayama",4235.37909341,246
"Pulau.Langkawi.Island",448.083401228,12
"Agano",7805.68749981,918
"Aki",290.055696844,10
"Gonokawa",3905.19013516,424
"Nuta",543.964671977,50
"Saba",468.795083054,61
"Sendai.Tottori",1193.62546033,150
"Shimanto",2152.87436107,309
"Tougur",11902.7625968,669
"Poronai",7161.1851706,386
"Koppi",7327.74083256,494
"Samarga",7688.93043121,484
"Botchi",2859.86896515,168
"Teshio",5578.42061338,612
"Tonbetsu",601.447943825,75
"Kushiro",2420.38441257,187
"Kievka",3099.36634334,173
"Shiribetsu",1621.52385513,221
"Saru",1342.40874248,154
"Iwaki",2558.29646306,263
"Xingcheng.He",695.778300706,34
"Mabechi",2634.86747204,168
"Yoneshiro",4073.7896397,545
"Shi.He",425.354461097,16
"Kuji.Iwate",470.892452777,44
"Omono",4765.05862335,602
"Fuzhou.He",1827.19802665,90
"Abukuma",5362.64342477,499
"Naka.Ibaraki",3152.85520303,300
"Oyabe",1757.26247874,322
"Arakawa",3860.93537595,216
"Tama",1211.95245108,104
"Sagami",1780.52855496,164
"Maruyama",1305.32508988,169
"Tsurumi",310.951394414,18
"Ooi",1292.22820259,164
"Tenjin",494.289859118,62
"Kano",848.514166082,126
"Machiya",281.875128232,40
"Takahashi.Okayama",2640.40892869,241
"Suzuka",389.566037186,38
"Hamana.ko",413.246691328,24
"Oota.Hiroshima",1685.31695624,168
"Takatsu",1088.54861292,129
"Miya",841.229076764,153
"Abu.gawa",641.201375702,74
"Kinokawa",1724.70434325,246
"Shimada",269.285031385,30
"Hidaka",609.511345482,83
"Tonda",256.213817105,48
"Hiki",400.932860719,65
"Koza",362.645827176,70
"Chikugo",2833.69951699,389
"Rokkaku.Saga",341.776511537,38
"Oita",650.406356579,95
"Matsuda",242.410156236,26
"Gokase",1823.78521099,186
"Midorikawa",1077.544376,164
"Sendai.Kagoshima",1600.31485651,239
"Hirotogawa",331.985809945,56
"Kimotsuki",530.850304384,80
"Liwu",623.864387042,95
"Tha.Chin",12643.0730192,683
"Rayong",1694.92166661,92
"Pranburi",2867.3721982,251
"Moovattupuzha",1800.41129751,322
"Manimala",258.281662744,50
"Phuket",331.975844842,10
"Muda",4244.14268868,612
"Batang.Kerang",2981.02428964,611
"Belait",2438.85933499,414
"Ciliwung",305.764211352,32
"Cisadane",1551.00803856,213
"Sawarangan",349.308313479,54
"Sungai.Sentiung",1938.85807766,230
"Kendawangan",1055.36805685,186
"Labuk",4685.76163559,814
"Lembang",2879.26458291,502
"Mempawah",1757.95297695,311
"Natuna.Besar",424.625824259,69
"Sarawak",1447.43663946,351
"Segama",4023.47764156,490
"Tamiang",4833.09727519,810
"Temburong.Belalong",1202.56872339,239
"Tempasuk",852.831542207,111
"Tutong",1012.1876118,183
"South.Alligator",11576.4996776,769
"Banka.island",11811.9146511,110
"Billiton.Island",4753.31743043,112
"Kalabakan",1346.70794106,141
"Pulau.Bintan.Island",1422.60510851,21
"Rayu",458.63247285,12
"Brisbane",13679.1286181,621
"Pasig",3914.591937,574
"Pagatban.Negros",380.561731386,57
"Siaton.Negros",242.823433057,34
"Aceh",1603.96867327,116
"Woyla",2445.31802818,261
"Mereubo",1786.70543126,196
"Nagan",979.082759941,120
"Sungai.Wiriagar",3746.96181713,680
"Sungai.Davur",2869.2020342,600
"Sungai.Rittowe",2933.64530424,474
"Sungai.Muturi",2032.77994466,305
"Yakati",627.741185975,90
"Sungai.Wiru",2096.94188473,230
"Sermowai",1028.94340475,78
"Sentani",4345.74303475,397
"Sungai.Bedidi",2669.98742957,329
"Pual",2670.40867179,306
"Lengguru",1509.30707479,231
"Paniai",4557.69740221,947
"Sungai.Kamora",2336.63443214,483
"Sungai.Aikwa",2264.59657856,452
"Sungai.Aiduna",1092.52682201,277
"Setekwa",1547.26521216,388
"Atimet",1586.20543873,366
"Gogol",2076.61825897,356
"Cidurian",842.961628191,141
"Turama",4026.48065893,979
"Cimaja",253.36567646,14
"Maro",8066.07292605,948
"Sungai.Kumbe",4247.81770569,467
"Morehead",5541.32705525,497
"Bensbach",3328.82823395,320
"Laloki",5349.74619228,760
"Woomera.creek",272.259598578,12
"Jardine",2723.61744959,351
"Andranangoo",513.196878239,51
"Jackson",1602.2928021,153
"Takamprimili",248.526486864,26
"Ducie",3089.8067639,239
"Goomadeer",2458.81504032,211
"Cooper.creek",2257.44982802,210
"Blyth",7705.98131363,471
"Wenlock",7385.82943132,706
"East.Alligator",7691.79602048,686
"Darbilla.creek",818.138292056,39
"Liverpool",8448.07369291,562
"Adelaide",7329.22589868,584
"West.Alligator",1365.23036885,110
"Glyde",10376.7765095,623
"Sampan.creek",8098.55094326,494
"Giddy",268.997702073,20
"Wildman",2483.94087306,196
"Howard",375.973465367,29
"Pascoe",2015.66486975,205
"Elizabeth",257.809210705,27
"Embley",2083.42980546,98
"Blackmore",749.442940764,74
"Koolatong",2423.86626025,60
"Finniss",2614.53977316,250
"Archer",15534.2367112,901
"Reynolds",1863.89961812,150
"Walker.Aus",2277.4327724,130
"Stewart.1",1681.97375354,34
"Holroyd",10053.0689947,661
"Drysdale",15803.8948929,728
"King.George",2874.13383899,144
"Moyle",3385.49828595,217
"King.Edward",8450.25121064,451
"Normanby",24145.3978476,791
"Fitzmaurice",8049.12548093,320
"Mitchell",2945.23737264,191
"Gurrbirri.creek",234.921778479,16
"Lawley",633.688714778,44
"Jeannie",481.134103239,36
"Mcivor",508.821359521,44
"Limmen.Bight",15660.9910667,711
"Keep",5207.12280421,220
"Endeavour",955.247990452,96
"Sandy.creek",1242.5571294,56
"Prince.Regent",3136.12522877,128
"Annan.Aus",1095.84771759,89
"McArthur",19492.4977891,791
"Bloomfield",416.749616455,46
"Daintree",1299.29447981,137
"Robinson",5675.96765844,244
"Wearyan",3730.72838774,173
"Calvert",8038.10248451,399
"Isdell",5507.36760135,264
"Settlement.creek",3927.48731805,158
"May",14096.239403,467
"Barron",2183.49152079,166
"Trinity.Inlet",263.803640325,14
"Mulgrave",1386.46026171,220
"South.Johnstone",1637.18451464,232
"Herbert",8894.32742535,567
"Tully.Murray",1503.67547497,208
"Alice",305.970521395,14
"Ross",1019.11244291,50
"Haughton",2166.0334878,102
"Don",1889.27212102,52
"Elliot",329.342142405,16
"Turner",4919.93036328,164
"Sherlock",7326.64669407,263
"Pioneer",1560.78982366,95
"Sandy.creek.2",468.859083469,26
"Waverley.creek",523.920901688,26
"Styx",1064.05085984,38
"Herbert.creek",1128.95576005,54
"Water.Park.creek",437.808425921,26
"Raglan.creek",1310.05030282,32
"Baffle.creek",2527.05689034,123
"Broadwater.creek",292.262025181,18
"Kolan",2750.65065491,129
"Elliott",339.157966516,16
"Gregory",939.095272714,38
"Isis",1382.68714924,76
"Mary",9442.20432056,405
"Maroochy",541.92284722,24
"Logan",3835.57660148,178
"Richmond",6864.98803921,308
"Macleay",11372.619942,507
"Bellinger",1140.83310584,38
"Nambucca",1308.51681275,53
"Hastings",3638.71316764,202
"Manning",8127.73214351,342
"Hunter",21500.9785243,951
"Myall.Crawford",951.402855728,44
"Murray",11197.0796386,645
"Hawkesbury",21256.4604952,957
"Lake.Macquarie",865.700150782,16
"Wyong",643.865664139,24
"Collie",4910.65765489,300
"Capel",727.431922459,35
"Ludlow",661.813645813,50
"Vasse",471.362061893,18
"Margaret",447.93345485,34
"Frankland",4783.73454646,236
"Georges",933.897671162,42
"Warren",4365.40732694,250
"Donnelly",1538.10235809,96
"Scott",705.550144972,60
"Kent",1909.54076773,108
"Kalgan",2568.66985004,136
"Deep.Aus",1033.89199783,70
"Shannon.Aus",859.360178762,57
"Hay.1",1424.37680698,73
"Gardner",519.116222145,40
"Shoalhaven",7073.62024867,326
"Denmark",783.129371892,30
"King.1",421.701305084,22
"Bow",298.910800183,22
"Marbelup.Brook",312.412076923,15
"Onkaparinga",551.284428775,34
"Clyde.Aus",1732.62640186,82
"Snowy",15041.9491127,696
"Tuross",1815.04787083,88
"Bega.2",1961.15028256,98
"Mitchell.Victoria",8673.42414582,233
"Glenelg",12160.4729896,587
"East.Gippsland",1973.02817862,96
"La.Trobe",9034.35013734,418
"Maribyrnong",1580.73489228,65
"Hopkins",8757.95786755,227
"Bemm",1108.73359905,38
"Yarra",3886.7164656,190
"Werribee",1454.36784662,68
"Lake.Frome",488.845893214,24
"Barwon",5052.18284467,218
"Avon.Aus",2465.3524918,91
"Wombat.creek",430.666018574,10
"Paterson",778.889116503,38
"Fitzroy",1422.94298697,66
"Eumeralla",904.640747725,44
"Tarago",1244.84568674,34
"Merri",1066.63618299,44
"Surrey",363.20601985,12
"Lang.Lang",554.920918908,18
"Thompson.creek",308.093109332,16
"Curdies",1032.19768119,54
"Tarwin",1592.92663333,89
"Tarra",306.173395184,14
"Gellibrand",1088.4099249,59
"Jack",393.615725941,16
"Duck",387.426525211,38
"Ringarooma",1194.70564594,58
"Little.Forester",345.732376793,19
"Hurst.creek",255.984752016,10
"Great.Forester",540.416587854,38
"Pipers",456.432107968,29
"Ansons",259.67545383,12
"Arthur",2475.0156073,288
"Cam",248.671291755,28
"Tamar",11206.0830578,542
"Rubicon",742.655564243,28
"Mersey",1786.23682167,184
"Aa",1200.36462627,40
"Agly",1125.20068208,68
"Aksu",7738.137846,353
"Aksu.North",900.762484278,62
"Aliakmon",6614.68628137,326
"Anzali",3934.49668245,104
"Argens",2762.56902861,201
"Aude",5283.13640882,352
"Avon.Eng",2248.20619815,167
"Avon.Moors",2986.35936333,223
"Babol",2163.299555,46
"Bakir.Cayi",3361.97928442,168
"Bartin",2940.76041179,137
"Biga",2130.2940991,112
"Bolaman",1232.75121609,68
"Bollin",2390.64880441,224
"Buyuktchekmedje",634.695670306,35
"Bzipi",1546.8934532,181
"Ceyhan",12054.1873146,351
"Couesnon",1115.44650488,91
"Dane",1564.13364422,127
"Derwent.UK",10858.6506353,494
"Devrekani.Cayi",247.397670217,16
"Dives",1763.11076778,148
"Dogankent.Cayi",3326.30144056,180
"Ems",12369.7894705,711
"Filiouri",1833.02415559,80
"Firtina",1155.36288296,106
"Gediz",16791.2363571,851
"Gharasu",1535.54164595,73
"Glen",1733.08003982,76
"Goksu",11213.9530005,541
"Gonen",2063.99669089,112
"Gorgan",11593.8347205,545
"Gudenaa",2741.65725206,202
"Helge.a",4600.73977243,257
"Herault",2796.57467404,213
"Hoje.a",362.45607783,14
"Ijser",1332.98470496,90
"Iznik",1306.66785941,82
"Jalle.Blanquefort",733.26860107,45
"Jucar",21676.397706,956
"Karamenderes",2003.26452239,105
"Kavlingean",1149.51357449,72
"Keuprotchay",2659.45056984,157
"Khobi",583.24407491,22
"Kodori",1945.04515368,154
"Kucukmenderes",4093.56236081,186
"Kunda",506.60407927,22
"Laita",1004.80306086,103
"Lamas.Cayi",841.224951412,42
"Lay",2086.30436829,149
"Lez",597.599806398,26
"Loobu",334.145516884,16
"Loudias",5551.57371186,161
"Melet.Cayi",2009.00604458,128
"Natanebi",672.866467538,75
"Nene",2274.51690998,110
"Nestos",6216.85699063,280
"Orb",1570.64674277,137
"Orne",2944.81682529,220
"Ouse",8214.18346582,398
"Oymapinar",2669.85688864,84
"Parnu",5946.87688129,290
"Pol.e.Rud",1673.52111935,110
"Rance",1029.07977967,80
"Ribble",1907.70214653,209
"Rihios",2088.95223558,96
"Riva",848.298194123,50
"Sarbad",1742.5429439,78
"Schelde",18961.0417712,940
"Sevre.Niortaise",3583.98025085,236
"Skjern.aa",2971.93435174,263
"Slupia",1774.83589914,84
"Soca",3400.57510561,348
"Somme",6209.6637001,418
"Stour",904.672013789,32
"Strymon",16826.1854089,812
"Supsa",1115.18646526,117
"Tagliamento",2946.27681289,297
"Tajan",4515.81301422,176
"Taute",1454.40357052,129
"Tees",1826.95993221,130
"Tet",1402.92003236,80
"Tonekabon",426.397017811,22
"Trent.UK",10324.0541473,742
"Tyne",2891.86001162,273
"Var",2831.30119451,233
"Veleka",1075.32868658,48
"Vidaa",1353.27372666,83
"Vilaine",10489.6590335,766
"Vire",1964.70256341,192
"Wear",1181.20211738,100
"Yenice",13354.527893,753
"Adige",14631.2088825,958
"Arno",8895.33084121,578
"Blavet",2060.10334205,211
"Brenta",4685.5785618,273
"Charente",9561.56071973,654
"Dalaman.Cayi",5425.12499521,234
"Eman",4258.66580291,186
"Enguri",3277.43680411,349
"Haraz",4033.62522569,189
"Heleh",11061.0720939,490
"Kalixalven",17880.6308314,984
"Kasari",3262.89264834,164
"Koiva",9449.48841523,473
"Morrumsan",3384.30784531,174
"Neka",1875.44665449,70
"Parseta",3337.26775313,166
"Piave",4246.18238562,400
"Acheloos",5821.72815552,375
"Courant.Mimizan",769.31019267,56
"Eden",2342.89941826,255
"Gumista",583.627330345,73
"Mijares",4035.90153774,86
"Pirita",864.293615192,44
"Valgejogi",299.420138143,12
"Vasalemma",429.403083073,24
"Vistre",1061.33864548,61
"Xanthos",2612.89123082,160
"Lagan.Swe",8539.92582718,410
"Pasvik",18055.8756199,750
"Voronia",9434.51496426,514
"Imandra",12305.0336812,569
"Ponoi",4514.76818773,242
"Simojoki",3198.47083597,103
"Savaran",1114.35255032,57
"Logdealven",1458.33417969,70
"Ljungan",12810.1229623,585
"Ljusnan",20136.9524779,867
"Selja",502.474879947,24
"Jagala",1688.78094095,78
"Vaana",293.237686512,12
"Purste",723.92082444,34
"Keila",674.056855794,30
"Vihterpalu",465.360270559,28
"Maavli",230.539980431,12
"Sauga",592.875482454,40
"Paadremaa",394.657849805,20
"Audru",408.188344433,16
"Pahna",276.579944161,12
"Nasva",268.099987344,16
"Rannametsa",323.998311237,10
"Atran",3265.17033808,195
"Salaca",3344.99529557,178
"Viskan",2416.61303077,136
"Rolfsan",698.881166132,46
"Conon",1206.61720272,132
"Spey",2958.57711088,281
"Beauly",1015.78140026,116
"Ness",1861.29907398,212
"Don.Scotland",1316.37675682,103
"Nissan",1313.50284357,97
"Dee.Scotland",2141.50101234,168
"Loy",1329.40113793,167
"Tay",4965.65460212,508
"Awe",913.737916452,148
"Earn",961.174902403,100
"Leven",783.973953169,124
"Forth",1653.8543627,180
"Clyde.Scotland",2999.8004249,342
"Tweed.UK",5010.71314386,448
"Nith",1238.10946131,123
"Annan.UK",963.214446445,129
"Ribe.aa",981.181185269,70
"Esk.UK",1238.66162569,145
"Lagan.UK",601.217913424,62
"Boyne.Irland",2791.45291495,213
"Barrow",9077.33960865,499
"Dee.Wales",2001.7291945,216
"Severn.UK",11347.3707761,818
"Wye",4133.17098976,393
"Blackwater",3242.79245581,382
"Teifi",994.785064104,150
"Thames.UK",13442.3205482,658
"Canche",1415.08466925,103
"Authie",1107.05794893,103
"Bresle",757.198898213,70
"Arques",1022.42597217,88
"Touques",1285.29171001,100
"Trieux",843.881278771,86
"Leguer",488.813930654,52
"Aulne",1794.62723541,217
"Odet",720.064477795,86
"Leyre",2177.14838149,131
"Zrmanja",827.882919242,54
"Cetina",3833.26941994,118
"Krka",2574.43189434,181
"Roya",678.471301317,58
"Courant.Contis",643.858020716,56
"Neretva",13097.6968444,654
"Foglia",701.536629125,42
"Metauro",1402.13050143,88
"Cesano",676.280560851,22
"Siagne",513.659541452,46
"Touloubre",1680.54205037,80
"Esino",994.456286722,76
"Musone",637.432883773,34
"Narcea",4914.21852531,448
"Ombrone",3634.27578352,221
"Potenza",794.000629663,42
"Chienti",1340.79087019,78
"Tambre",1567.12994315,181
"Tenna",486.84649502,16
"Bruna",739.324510753,44
"Ulla",2794.43988115,321
"Albegna",737.161734134,40
"Tech",736.175677571,52
"Ter",2969.36749817,160
"Llobregat",5007.64408252,255
"Paliastomi",564.620529258,24
"Lima",2472.85530231,253
"Trigno",1217.34456256,59
"Biferno",1325.98808788,74
"Cavado",1590.69274368,191
"Fortore",1620.61261672,82
"Volturno",5932.14646573,376
"Ave",1382.88425588,150
"Mert",831.755767428,42
"Gallikos",1154.72147102,44
"Liscia",563.041857559,27
"Bradano",3075.24596926,120
"Vouga",2380.37159596,116
"Mondego",6663.09642208,475
"Basento",1564.73107152,65
"Turia",6305.99580123,316
"Pinios.The",9309.52212358,437
"Kalamas",1815.93504851,160
"Lis",837.418974572,54
"Arachthos",2473.93934923,141
"Louros",1080.17761313,56
"Neto",947.553059797,32
"Tacina",562.851056047,20
"Seyhan",15597.6069128,688
"Sperchios",1518.83054639,92
"Segura",14965.1214053,668
"Evinos",1105.99010812,58
"Kifissos.Beo",2554.5834952,111
"Sado",6438.08989752,308
"Pinios.Pel",888.431552808,35
"Alfios",3437.18774382,203
"Mira.Portugal",1573.21021638,80
"Kirkeuz",3353.78415026,88
"Evrotas",1902.87927737,92
"Arade",970.627701469,46
"Pamissos",786.169149906,38
"Boga",1035.7976226,56
"Guadalete",3387.72751411,160
"Acisu",297.349675554,16
"Alara",1090.12965444,75
"Basgoz.Cayi",765.804712911,44
"Na.aman",310.268160914,18
"Qishon",1123.10763114,55
"Yarquon",1783.05810721,86
"Soreq",781.904162002,32
"Zohreh",14256.6905444,703
"Minab",10285.9239331,482
"Hassan.Langi",3303.60023647,124
"Jallabi",1676.61281561,90
"Shor",2024.39096211,104
"Deshgan",8106.1736462,460
"Mazabi",3146.13737523,157
"Jegeen",6457.02347144,293
"Barm.e.Shor",1334.14172171,66
"Heyan",8502.57754328,446
"Gabreek",4638.49607568,219
"Sediah",4609.57156732,213
"Gaz",1245.50212028,54
"Nikshahr",4953.06209079,227
"Wadi.Fayah",1631.98172453,84
"Wadi.Sharm",2191.52620519,74
"Wadi.Hatta",482.252183587,28
"Wadi.Halfain",17117.0609575,770
"Wadi.Maur",8728.25507773,376
"Wadi.al.Bahr",1522.88365332,70
"Actopan",1975.4673344,157
"Aguan",10729.9166341,933
"Alafia",1128.48142643,64
"Ameca",12281.4607814,707
"Armeria",9703.71101014,494
"Bebedero",2059.48846457,262
"Belize",8492.91954875,788
"Bonito",426.663354469,42
"Calcasieu",10165.9115785,683
"Caloosahatchee",17295.2518545,766
"Candelaria",14608.7372523,777
"Cangrejal",496.81662516,47
"Chagres",3378.23524375,456
"Chamelecon",4425.06413017,375
"Champoton",12769.654162,593
"Changuinola",3216.26937812,607
"Chiriqui.Viejo",1585.12187084,219
"Choluteca",8039.47716089,462
"Cocle.del.Norte",1738.36946212,180
"Coto",1141.26489363,212
"Cuero.Salado",429.697542339,50
"Danto",265.716903037,32
"Deep.Bel",821.808054543,121
"Edisto",7471.56598532,444
"Escambia",10975.2331803,890
"Esclavos",2047.99646468,194
"Estero.Real",3694.36114342,333
"Fortuna",585.002541538,48
"Goascoran",2748.82649213,184
"Golden.Stream",277.752243514,60
"Grande.Belize",783.019409669,116
"Guadalupe",15777.6458279,784
"Hillsborough",1811.49408585,98
"Hondo",7364.19763393,299
"Housatonic",5005.83412442,513
"Lancetilla",404.91311691,38
"Lavaca",5865.60649714,268
"Lean",1007.82436471,106
"Lislis",385.177097201,48
"Little.Manatee",558.959888682,24
"Manatee",571.860962416,18
"Maria.Lucinda",2344.53304674,204
"Matina",1600.85238125,383
"Mayo",14121.9425179,697
"Miramichi",11800.1783976,977
"Moho",1188.9715988,177
"Monkey",863.571518457,87
"Myakka",1310.01634641,74
"Nacaome",2557.56061997,170
"Negro.Nicaragua",2372.43189619,191
"New.Belize",1775.63751814,112
"North.Stann",292.529181295,38
"Northern",618.337849158,24
"Ochlockonee",5655.68265809,356
"Ogeechee",11547.4659575,655
"Peconic",251.159368355,30
"Perdido",2283.7637399,188
"Pirris",1384.11199297,252
"Platano",1040.9087075,145
"Progresso",568.144227265,26
"Rappahannock",5037.20231313,305
"Coxcoapan",241.838686484,46
"Ribra",688.188106953,91
"Parismina",2778.06922808,414
"Madre.de.Dios",251.456730903,27
"Grande.Panama.2",2194.6331473,190
"Saint.Mary.s",3294.80269105,141
"Sainte.Croix",3941.73255045,338
"San.Antonio",10783.7299464,517
"San.Fernando",18933.4458997,907
"San.Pedro.Panama",910.608621213,106
"Santa.Maria.Pan",3321.06582716,349
"Sibun",1101.14104697,93
"Sico",6494.73000158,630
"Sixaola",2902.75694783,555
"Soto.la.Marina",20901.8524203,934
"Tar",8114.346164,411
"Tarcoles",2138.76345138,402
"Temash",421.109396544,66
"Tempisque",3231.43403723,360
"Terraba",4865.4714755,948
"Tonala",5279.49249104,646
"Waccasassa",1666.82755566,81
"Warunta",1331.57625723,214
"West.river",428.96111086,43
"Withlacoochee",4717.72710674,260
"York.USA",3800.1688059,221
"Neuse",11703.2614886,671
"Papagayo",7590.05380052,576
"Peace",5870.96434215,279
"Satilla",8886.89394148,442
"Sierpe",1022.62138011,201
"Tehuantepec",10133.9100108,597
"Presumpscot",1704.26773687,166
"Saco",4419.75250705,530
"Cocheco",2555.8596955,240
"Blackstone",1662.03692871,144
"Passaic",2448.5764253,206
"Raritan",2833.96875915,226
"Pocomoke",1285.75196796,77
"Wicomico",443.853597886,30
"Nanticoke",1837.97675158,130
"Transquaking",333.014629287,18
"Choptank",1215.48636836,75
"Patuxent",1676.8168428,120
"Mattaponi",2347.33305676,134
"Appomattox",4169.18957078,254
"Meherrin",11997.9017953,680
"Cooper",1861.40875142,96
"Ashley.USA",1035.42768199,54
"Combahee",4351.47875958,176
"Nassau",1109.13892909,34
"Aucilla",2503.3334713,154
"Saint.Marks",2265.93933343,147
"Choctawhatchee",11879.8076642,910
"Yellow",3506.31523285,291
"Blackwater.USA",2167.4438758,190
"Escatawpa",2798.50887087,229
"Mermentau",7466.81219651,517
"Cedar.Bayou",611.589168638,36
"San.Jacinto",7398.11143643,321
"Greens.Bayou",2676.11796476,59
"San.Bernard",2581.65011716,100
"Mission",2576.27796273,100
"Aransas",2290.91207411,84
"Petronila.creek",2694.15965049,100
"Los.Olmos.creek",1800.98245164,66
"Quinebaug",4753.86131519,346
"Cosumnes",5834.2409148,260
"Huixtla",1201.56583032,42
"Jamapa",3891.53924804,303
"Grande.de.San.Miguel",2327.16362276,189
"San.Nicolas",773.235698208,102
"Vado.Ancho",401.514663636,52
"Kanariktok",10763.6679543,887
"Dean",7799.02971529,527
"Klinaklini",5735.56419507,386
"Homathako",5768.35823414,398
"Cascapedia",3135.5808207,287
"Bonaventure",2387.91209275,255
"Grand.Pabos",625.79617346,54
"Petit.Pabos",249.322993854,21
"Stillaguamish",1748.8883995,223
"Port.Daniel",254.262889911,16
"Snohomish",4545.24661446,685
"Cedar",1532.19036478,175
"Skokomish",622.157893584,91
"Green",1187.87651024,129
"Chehalis",5459.55379908,863
"Goldsborough",498.214813831,66
"Puyallup",2645.05259787,349
"Nisqually",1883.67091858,240
"Deschutes",448.246840852,54
"Margaree",1156.76564099,153
"Petitcodiac",1993.17577227,201
"Siuslaw",2000.55378006,274
"Coos",1126.36904727,158
"Coquille",2704.92564431,398
"Russian",3853.1276106,353
"Gualala",908.51493453,66
"Napa",1106.74812226,78
"Alemeda.creek",1898.53713603,96
"Coyote.creek",1704.43841222,52
"Pajaro",3357.25250271,136
"Salinas",11096.4530892,578
"Santa.Maria.Cal",4726.92319297,230
"San.Gabriel",2100.58645621,91
"Los.Angeles",2031.29551042,96
"Santa.Ana",6411.8597958,301
"Sonoyta",12542.038612,651
"Matape",1046.96702502,42
"Oso.creek",543.119042072,27
"Palo.Blanco.creek",2671.37087829,94
"Vargas.creek",5452.8326427,255
"Sinaloa",12890.2316999,594
"Culiacan",16418.2352011,834
"San.Lorenzo",10046.7094815,543
"Elota",2325.39063856,110
"Piaxlta",6922.86110108,314
"Presidio",6001.4638076,312
"Acaponeta",5511.70565313,288
"Tuxpan",5891.92420325,532
"Cazones",2800.98716202,270
"Tecolutla",7793.72006811,690
"Tulum",609.111236891,28
"Nautla",2785.41216745,262
"Coahuanyana",7123.21632549,339
"Purificacion",1563.5852167,82
"Cuitzmala",1073.42961899,45
"Cihuatlan",2154.65092609,104
"Kas",512.197470445,26
"Indio",951.112557707,34
"Rio.de.Cana",354.406708173,16
"Palizada",2174.84376694,220
"Grande.Mexico.Pacifico",6979.28498934,821
"La.Sabana",703.321940897,50
"Tlachimala",1261.00655918,114
"Sittee",509.803293354,58
"Zimatlan",473.764014705,28
"Urbina",346.249451395,36
"Pedregal",260.426155758,16
"Pijijiapan",319.906295006,44
"Suchiate",1409.38494802,158
"Tauro",450.81835167,110
"Motoro",454.013775379,62
"Barranca",453.515270779,66
"Jesus.Maria",228.729818657,31
"Estrella",727.184933668,155
"Tabasara",1195.42200675,131
"Cachoeirinha",228.815100189,16
"Aroa",2453.0345022,106
"Bayano",4893.57608359,576
"Benevente",1121.51289496,74
"Buranhem",2692.1049607,130
"Cachoeira",4758.41676839,227
"Cahy",425.630355153,24
"Carvao",2459.29119053,160
"Comte",3605.02504057,711
"Corrientes",865.039303177,84
"Cubatao",802.322858305,61
"Cusewijne",5070.13597918,552
"Dagua",1452.98008784,335
"Das.Almas",2991.3396421,181
"El.Pescado",520.252235036,22
"Frades",1452.3437344,61
"Guanipa",10278.333075,419
"Guapo",832.810471041,38
"Guariquen",1139.14492344,36
"Iracoubo",1067.41852586,171
"Itanhaem",926.706951685,136
"Itanhem",6460.78014124,319
"Itaunas",4687.57812904,236
"Jequirica",6660.70811759,332
"Joao.de.Tiba",1771.7257071,78
"Jucurucu",5895.04650663,302
"Karouabo",289.942378261,55
"Kourou",1799.30351394,324
"Macacu",2106.74916993,189
"Manzanares",1129.71937388,50
"Mucuri",15562.8051482,738
"Neveri",4263.71544575,200
"Nhundiaquara",684.938750192,93
"Nickerie",9942.28340009,912
"Novo",770.669009575,26
"Paria1",497.351643526,16
"Peruipe",5144.65570771,197
"Rancheria",4330.33910527,214
"Reis.Magos",743.054614859,40
"Cubatao.2",759.649624073,88
"Gravatai",2017.63675213,168
"Arroio.do.Ribeiro",779.109540301,64
"Arroio.Velhaco",1154.17338195,76
"Rosario",1847.72250638,162
"Arroyo.Martin",409.651636343,12
"Samborombon",5473.85607075,282
"Grande.Argentina.2",8215.81329562,336
"Capivari",904.62373712,64
"Cangandi",334.310488604,48
"Sambu",1389.51416094,229
"Moruka",725.337682619,76
"Riviere.de.Kaw",831.868123755,168
"Tumbez",5372.05186662,288
"Apodi",14260.4215587,625
"Ceara.Mirim",2629.21143992,124
"Pium",425.250685343,22
"Paraiba",19716.8764058,926
"Paraiba.2",3660.31165833,226
"Estrela",457.674350209,20
"Serra.Negra",822.751912966,64
"San.Juan.Venezuela",8477.85601827,388
"Santiago",6062.90510901,856
"Sao.Joao",2105.54163361,195
"Sao.Mateus",13048.5614031,594
"Sauce.Grande",4636.33542711,236
"Sinos",8751.07374538,779
"Tocuyo",17650.4002497,843
"Tuy",6577.91142869,336
"Urama",587.939184221,28
"Yaracuy",2470.53099647,116
"Jaguaripe",2971.32532011,152
"Jurubatuba",486.933141165,30
"Riviere.de.Cayenne",805.619006857,135
"Mundau",4129.4772464,251
"Padreco",288.624822738,20
"Grande.Ubatuba",230.025158366,10
"Indaial",554.437316454,50
"Oropouche.north",357.235578717,28
"Caroni",732.960747236,47
"Nariva",334.769476716,26
"Ortoire",446.810906786,30
"Oropouche.south",481.445946185,31
"Rio.D.Una",1076.63020828,109
"Rio.de.la.Matanza",2180.45602091,126
"Sarandi",1351.02007915,118
"Laguna.Salada.Grande",2713.52119374,54
"Jequetepeque",4155.04730188,193
"Jaboatao",930.030833135,88
"Santo.Antonio.Grande",796.61022178,75
"Areias",237.506099953,19
"Santo.Antonio",717.614322981,42
"Caraiva",1318.41239475,68
"Corumbau",272.470663478,14
"Piraque.Mirim",389.301177476,14
"Santa.Maria.Brazil",1780.90720546,110
"Copiapo",18441.5299131,911
"Huasco",9776.49157229,441
"Aconcagua",7318.87682547,348
"Maipo",15095.0590527,782
"Rapel",13783.9276405,776
"Maldonado",1485.94730056,119
"Mataquito",6303.85408571,478
"Andalien",767.469148081,94
"Quequen.Salado",9902.9570517,416
"Quequen.Grande",10052.8754733,484
"Tres.Arroyos",2929.14173705,124
"Malacara",1465.94633018,30
"Cristiano.Muerto",1002.63115675,48
"Naposta.Grande",1295.68714944,64
"Cortaderas",1290.19356075,62
"Naposta.Chico",1392.57206841,62
"Petrohue",2672.23386386,458
"Maullin",3114.12340398,383
"Puelo",9165.53400686,890
"Ohota",20240.3214117,949
"Inya",19619.274513,976
